<?xml version="1.0"?>
<ruleset name="Custom_PSR12">
    <description>Custom ruleset Based on PSR12</description>
    <!-- Rule to be referenced (`PSR12`) -->
    <rule ref="PSR12" />

    <arg name="extensions" value="php" />

    <!-- Color the result output -->
    <arg name="colors" />

    <!-- Display progress (-p) -->
    <!-- Display violation rules in error information (-s) -->
    <arg value="ps" />

    <!-- Directories to exclude from the check (for Laravel) -->
    <exclude-pattern>/database/</exclude-pattern>
    <exclude-pattern>/vendor/</exclude-pattern>

    <!-- Allow snake_case method names in classes that end with "Test" -->
    <rule ref="PSR1.Methods.CamelCapsMethodName.NotCamelCaps">
        <exclude-pattern>*Test.php</exclude-pattern>
    </rule>
</ruleset>