<?xml version="1.0" encoding="UTF-8"?>
<phpunit xmlns:xsi="http://www.w3.org/2001/XMLSchema-instance"
  xsi:noNamespaceSchemaLocation="https://schema.phpunit.de/10.3/phpunit.xsd"
  colors="true" cacheDirectory=".cache/phpunit"
  displayDetailsOnTestsThatTriggerWarnings="true">
  <php>
    <env name="APP_ENV" value="testing" />
    <env name="DB_HOST" value="db" />
    <env name="DB_PORT" value="3306" />
    <env name="DB_DATABASE" value="problem_test" />
    <env name="DB_USERNAME" value="root" />
    <env name="DB_PASSWORD" value="" />
  </php>
</phpunit>